run,arm,opponent_id,game_index,seat,outcome,source_id,source_record
historical_student_e8,STUDENT,C61,0,first,loss,S15,0
historical_student_e8,STUDENT,C61,1,second,loss,S15,1
historical_student_e8,STUDENT,C61,2,first,loss,S15,2
historical_student_e8,STUDENT,C61,3,second,loss,S15,3
historical_student_e8,STUDENT,C61,4,first,loss,S15,4
historical_student_e8,STUDENT,C61,5,second,loss,S15,5
historical_student_e8,STUDENT,C61,6,first,win,S15,6
historical_student_e8,STUDENT,C61,7,second,loss,S15,7
historical_student_e8,STUDENT,C61,8,first,loss,S15,8
historical_student_e8,STUDENT,C61,9,second,loss,S15,9
historical_student_e8,STUDENT,C61,10,first,loss,S15,10
historical_student_e8,STUDENT,C61,11,second,loss,S15,11
historical_student_e8,STUDENT,C61,12,first,win,S15,12
historical_student_e8,STUDENT,C61,13,second,loss,S15,13
historical_student_e8,STUDENT,C61,14,first,loss,S15,14
historical_student_e8,STUDENT,C61,15,second,loss,S15,15
historical_student_e8,STUDENT,C61,16,first,loss,S15,16
historical_student_e8,STUDENT,C61,17,second,loss,S15,17
historical_student_e8,STUDENT,C61,18,first,loss,S15,18
historical_student_e8,STUDENT,C61,19,second,loss,S15,19
historical_student_e8,STUDENT,C61,20,first,loss,S15,20
historical_student_e8,STUDENT,C61,21,second,loss,S15,21
historical_student_e8,STUDENT,C61,22,first,loss,S15,22
historical_student_e8,STUDENT,C61,23,second,loss,S15,23
historical_student_e8,STUDENT,C61,24,first,loss,S15,24
historical_student_e8,STUDENT,C61,25,second,loss,S15,25
historical_student_e8,STUDENT,C61,26,first,loss,S15,26
historical_student_e8,STUDENT,C61,27,second,loss,S15,27
historical_student_e8,STUDENT,C61,28,first,loss,S15,28
historical_student_e8,STUDENT,C61,29,second,loss,S15,29
historical_student_e8,STUDENT,C61,30,first,loss,S15,30
historical_student_e8,STUDENT,C61,31,second,loss,S15,31
historical_student_e8,STUDENT,C61,32,first,loss,S15,32
historical_student_e8,STUDENT,C61,33,second,loss,S15,33
historical_student_e8,STUDENT,C61,34,first,loss,S15,34
historical_student_e8,STUDENT,C61,35,second,loss,S15,35
historical_student_e8,STUDENT,C61,36,first,loss,S15,36
historical_student_e8,STUDENT,C61,37,second,loss,S15,37
historical_student_e8,STUDENT,C61,38,first,loss,S15,38
historical_student_e8,STUDENT,C61,39,second,loss,S15,39
historical_student_e8,STUDENT,C61,40,first,loss,S15,40
historical_student_e8,STUDENT,C61,41,second,loss,S15,41
historical_student_e8,STUDENT,C61,42,first,loss,S15,42
historical_student_e8,STUDENT,C61,43,second,loss,S15,43
historical_student_e8,STUDENT,C61,44,first,loss,S15,44
historical_student_e8,STUDENT,C61,45,second,loss,S15,45
historical_student_e8,STUDENT,C61,46,first,loss,S15,46
historical_student_e8,STUDENT,C61,47,second,loss,S15,47
historical_student_e8,STUDENT,C61,48,first,loss,S15,48
historical_student_e8,STUDENT,C61,49,second,loss,S15,49
historical_student_e8,STUDENT,C61,50,first,loss,S15,50
historical_student_e8,STUDENT,C61,51,second,loss,S15,51
historical_student_e8,STUDENT,C61,52,first,loss,S15,52
historical_student_e8,STUDENT,C61,53,second,loss,S15,53
historical_student_e8,STUDENT,C61,54,first,loss,S15,54
historical_student_e8,STUDENT,C61,55,second,loss,S15,55
historical_student_e8,STUDENT,C61,56,first,loss,S15,56
historical_student_e8,STUDENT,C61,57,second,loss,S15,57
historical_student_e8,STUDENT,C61,58,first,loss,S15,58
historical_student_e8,STUDENT,C61,59,second,loss,S15,59
historical_student_e8,STUDENT,C61,60,first,loss,S15,60
historical_student_e8,STUDENT,C61,61,second,loss,S15,61
historical_student_e8,STUDENT,C61,62,first,loss,S15,62
historical_student_e8,STUDENT,C61,63,second,loss,S15,63
historical_student_e8,STUDENT,C61,64,first,loss,S15,64
historical_student_e8,STUDENT,C61,65,second,loss,S15,65
historical_student_e8,STUDENT,C61,66,first,loss,S15,66
historical_student_e8,STUDENT,C61,67,second,loss,S15,67
historical_student_e8,STUDENT,C61,68,first,loss,S15,68
historical_student_e8,STUDENT,C61,69,second,loss,S15,69
historical_student_e8,STUDENT,C61,70,first,loss,S15,70
historical_student_e8,STUDENT,C61,71,second,loss,S15,71
historical_student_e8,STUDENT,C61,72,first,loss,S15,72
historical_student_e8,STUDENT,C61,73,second,loss,S15,73
historical_student_e8,STUDENT,C61,74,first,loss,S15,74
historical_student_e8,STUDENT,C61,75,second,loss,S15,75
historical_student_e8,STUDENT,C61,76,first,loss,S15,76
historical_student_e8,STUDENT,C61,77,second,loss,S15,77
historical_student_e8,STUDENT,C61,78,first,loss,S15,78
historical_student_e8,STUDENT,C61,79,second,loss,S15,79
historical_student_e8,STUDENT,C61,80,first,loss,S15,80
historical_student_e8,STUDENT,C61,81,second,loss,S15,81
historical_student_e8,STUDENT,C61,82,first,loss,S15,82
historical_student_e8,STUDENT,C61,83,second,loss,S15,83
historical_student_e8,STUDENT,C61,84,first,loss,S15,84
historical_student_e8,STUDENT,C61,85,second,loss,S15,85
historical_student_e8,STUDENT,C61,86,first,loss,S15,86
historical_student_e8,STUDENT,C61,87,second,loss,S15,87
historical_student_e8,STUDENT,C61,88,first,loss,S15,88
historical_student_e8,STUDENT,C61,89,second,loss,S15,89
historical_student_e8,STUDENT,C61,90,first,loss,S15,90
historical_student_e8,STUDENT,C61,91,second,loss,S15,91
historical_student_e8,STUDENT,C61,92,first,loss,S15,92
historical_student_e8,STUDENT,C61,93,second,loss,S15,93
historical_student_e8,STUDENT,C61,94,first,loss,S15,94
historical_student_e8,STUDENT,C61,95,second,loss,S15,95
historical_student_e8,STUDENT,C61,96,first,loss,S15,96
historical_student_e8,STUDENT,C61,97,second,loss,S15,97
historical_student_e8,STUDENT,C61,98,first,loss,S15,98
historical_student_e8,STUDENT,C61,99,second,loss,S15,99
historical_student_e8,STUDENT,C61,100,first,loss,S15,100
historical_student_e8,STUDENT,C61,101,second,loss,S15,101
historical_student_e8,STUDENT,C61,102,first,loss,S15,102
historical_student_e8,STUDENT,C61,103,second,loss,S15,103
historical_student_e8,STUDENT,C61,104,first,loss,S15,104
historical_student_e8,STUDENT,C61,105,second,loss,S15,105
historical_student_e8,STUDENT,C61,106,first,loss,S15,106
historical_student_e8,STUDENT,C61,107,second,loss,S15,107
historical_student_e8,STUDENT,C61,108,first,loss,S15,108
historical_student_e8,STUDENT,C61,109,second,loss,S15,109
historical_student_e8,STUDENT,C61,110,first,loss,S15,110
historical_student_e8,STUDENT,C61,111,second,loss,S15,111
historical_student_e8,STUDENT,C61,112,first,loss,S15,112
historical_student_e8,STUDENT,C61,113,second,loss,S15,113
historical_student_e8,STUDENT,C61,114,first,loss,S15,114
historical_student_e8,STUDENT,C61,115,second,loss,S15,115
historical_student_e8,STUDENT,C61,116,first,loss,S15,116
historical_student_e8,STUDENT,C61,117,second,loss,S15,117
historical_student_e8,STUDENT,C61,118,first,loss,S15,118
historical_student_e8,STUDENT,C61,119,second,loss,S15,119
historical_student_e8,STUDENT,C61,120,first,loss,S15,120
historical_student_e8,STUDENT,C61,121,second,loss,S15,121
historical_student_e8,STUDENT,C61,122,first,win,S15,122
historical_student_e8,STUDENT,C61,123,second,loss,S15,123
historical_student_e8,STUDENT,C61,124,first,loss,S15,124
historical_student_e8,STUDENT,C61,125,second,loss,S15,125
historical_student_e8,STUDENT,C61,126,first,loss,S15,126
historical_student_e8,STUDENT,C61,127,second,loss,S15,127
historical_student_e8,STUDENT,C61,128,first,loss,S15,128
historical_student_e8,STUDENT,C61,129,second,loss,S15,129
historical_student_e8,STUDENT,C61,130,first,loss,S15,130
historical_student_e8,STUDENT,C61,131,second,loss,S15,131
historical_student_e8,STUDENT,C61,132,first,loss,S15,132
historical_student_e8,STUDENT,C61,133,second,loss,S15,133
historical_student_e8,STUDENT,C61,134,first,loss,S15,134
historical_student_e8,STUDENT,C61,135,second,loss,S15,135
historical_student_e8,STUDENT,C61,136,first,loss,S15,136
historical_student_e8,STUDENT,C61,137,second,loss,S15,137
historical_student_e8,STUDENT,C61,138,first,loss,S15,138
historical_student_e8,STUDENT,C61,139,second,loss,S15,139
historical_student_e8,STUDENT,C61,140,first,loss,S15,140
historical_student_e8,STUDENT,C61,141,second,loss,S15,141
historical_student_e8,STUDENT,C61,142,first,loss,S15,142
historical_student_e8,STUDENT,C61,143,second,loss,S15,143
historical_student_e8,STUDENT,C61,144,first,loss,S15,144
historical_student_e8,STUDENT,C61,145,second,win,S15,145
historical_student_e8,STUDENT,C61,146,first,loss,S15,146
historical_student_e8,STUDENT,C61,147,second,loss,S15,147
historical_student_e8,STUDENT,C61,148,first,loss,S15,148
historical_student_e8,STUDENT,C61,149,second,loss,S15,149
historical_student_e8,STUDENT,C61,150,first,loss,S15,150
historical_student_e8,STUDENT,C61,151,second,loss,S15,151
historical_student_e8,STUDENT,C61,152,first,loss,S15,152
historical_student_e8,STUDENT,C61,153,second,loss,S15,153
historical_student_e8,STUDENT,C61,154,first,loss,S15,154
historical_student_e8,STUDENT,C61,155,second,loss,S15,155
historical_student_e8,STUDENT,C61,156,first,loss,S15,156
historical_student_e8,STUDENT,C61,157,second,loss,S15,157
historical_student_e8,STUDENT,C61,158,first,loss,S15,158
historical_student_e8,STUDENT,C61,159,second,loss,S15,159
historical_student_e8,STUDENT,C61,160,first,loss,S15,160
historical_student_e8,STUDENT,C61,161,second,loss,S15,161
historical_student_e8,STUDENT,C61,162,first,loss,S15,162
historical_student_e8,STUDENT,C61,163,second,loss,S15,163
historical_student_e8,STUDENT,C61,164,first,loss,S15,164
historical_student_e8,STUDENT,C61,165,second,win,S15,165
historical_student_e8,STUDENT,C61,166,first,loss,S15,166
historical_student_e8,STUDENT,C61,167,second,loss,S15,167
historical_student_e8,STUDENT,C61,168,first,loss,S15,168
historical_student_e8,STUDENT,C61,169,second,loss,S15,169
historical_student_e8,STUDENT,C61,170,first,loss,S15,170
historical_student_e8,STUDENT,C61,171,second,loss,S15,171
historical_student_e8,STUDENT,C61,172,first,loss,S15,172
historical_student_e8,STUDENT,C61,173,second,loss,S15,173
historical_student_e8,STUDENT,C61,174,first,loss,S15,174
historical_student_e8,STUDENT,C61,175,second,loss,S15,175
historical_student_e8,STUDENT,C61,176,first,loss,S15,176
historical_student_e8,STUDENT,C61,177,second,loss,S15,177
historical_student_e8,STUDENT,C61,178,first,loss,S15,178
historical_student_e8,STUDENT,C61,179,second,loss,S15,179
historical_student_e8,STUDENT,C61,180,first,loss,S15,180
historical_student_e8,STUDENT,C61,181,second,loss,S15,181
historical_student_e8,STUDENT,C61,182,first,loss,S15,182
historical_student_e8,STUDENT,C61,183,second,loss,S15,183
historical_student_e8,STUDENT,C61,184,first,loss,S15,184
historical_student_e8,STUDENT,C61,185,second,loss,S15,185
historical_student_e8,STUDENT,C61,186,first,loss,S15,186
historical_student_e8,STUDENT,C61,187,second,loss,S15,187
historical_student_e8,STUDENT,C61,188,first,loss,S15,188
historical_student_e8,STUDENT,C61,189,second,loss,S15,189
historical_student_e8,STUDENT,C61,190,first,loss,S15,190
historical_student_e8,STUDENT,C61,191,second,loss,S15,191
historical_student_e8,STUDENT,C61,192,first,loss,S15,192
historical_student_e8,STUDENT,C61,193,second,loss,S15,193
historical_student_e8,STUDENT,C61,194,first,loss,S15,194
historical_student_e8,STUDENT,C61,195,second,loss,S15,195
historical_student_e8,STUDENT,C61,196,first,loss,S15,196
historical_student_e8,STUDENT,C61,197,second,loss,S15,197
historical_student_e8,STUDENT,C61,198,first,loss,S15,198
historical_student_e8,STUDENT,C61,199,second,loss,S15,199
historical_student_e8,STUDENT,C61,200,first,loss,S15,200
historical_student_e8,STUDENT,C61,201,second,loss,S15,201
historical_student_e8,STUDENT,C61,202,first,loss,S15,202
historical_student_e8,STUDENT,C61,203,second,loss,S15,203
historical_student_e8,STUDENT,C61,204,first,loss,S15,204
historical_student_e8,STUDENT,C61,205,second,loss,S15,205
historical_student_e8,STUDENT,C61,206,first,loss,S15,206
historical_student_e8,STUDENT,C61,207,second,loss,S15,207
historical_student_e8,STUDENT,C61,208,first,loss,S15,208
historical_student_e8,STUDENT,C61,209,second,loss,S15,209
historical_student_e8,STUDENT,C61,210,first,loss,S15,210
historical_student_e8,STUDENT,C61,211,second,loss,S15,211
historical_student_e8,STUDENT,C61,212,first,loss,S15,212
historical_student_e8,STUDENT,C61,213,second,loss,S15,213
historical_student_e8,STUDENT,C61,214,first,loss,S15,214
historical_student_e8,STUDENT,C61,215,second,loss,S15,215
historical_student_e8,STUDENT,C61,216,first,loss,S15,216
historical_student_e8,STUDENT,C61,217,second,loss,S15,217
historical_student_e8,STUDENT,C61,218,first,loss,S15,218
historical_student_e8,STUDENT,C61,219,second,loss,S15,219
historical_student_e8,STUDENT,C61,220,first,loss,S15,220
historical_student_e8,STUDENT,C61,221,second,loss,S15,221
historical_student_e8,STUDENT,C61,222,first,loss,S15,222
historical_student_e8,STUDENT,C61,223,second,loss,S15,223
historical_student_e8,STUDENT,C61,224,first,loss,S15,224
historical_student_e8,STUDENT,C61,225,second,loss,S15,225
historical_student_e8,STUDENT,C61,226,first,win,S15,226
historical_student_e8,STUDENT,C61,227,second,loss,S15,227
historical_student_e8,STUDENT,C61,228,first,loss,S15,228
historical_student_e8,STUDENT,C61,229,second,loss,S15,229
historical_student_e8,STUDENT,C61,230,first,loss,S15,230
historical_student_e8,STUDENT,C61,231,second,loss,S15,231
historical_student_e8,STUDENT,C61,232,first,loss,S15,232
historical_student_e8,STUDENT,C61,233,second,loss,S15,233
historical_student_e8,STUDENT,C61,234,first,loss,S15,234
historical_student_e8,STUDENT,C61,235,second,loss,S15,235
historical_student_e8,STUDENT,C61,236,first,loss,S15,236
historical_student_e8,STUDENT,C61,237,second,loss,S15,237
historical_student_e8,STUDENT,C61,238,first,loss,S15,238
historical_student_e8,STUDENT,C61,239,second,loss,S15,239
historical_student_e8,STUDENT,C61,240,first,loss,S15,240
historical_student_e8,STUDENT,C61,241,second,loss,S15,241
historical_student_e8,STUDENT,C61,242,first,loss,S15,242
historical_student_e8,STUDENT,C61,243,second,loss,S15,243
historical_student_e8,STUDENT,C61,244,first,loss,S15,244
historical_student_e8,STUDENT,C61,245,second,loss,S15,245
historical_student_e8,STUDENT,C61,246,first,loss,S15,246
historical_student_e8,STUDENT,C61,247,second,loss,S15,247
historical_student_e8,STUDENT,C61,248,first,loss,S15,248
historical_student_e8,STUDENT,C61,249,second,loss,S15,249
historical_student_e8,STUDENT,C61,250,first,loss,S15,250
historical_student_e8,STUDENT,C61,251,second,loss,S15,251
historical_student_e8,STUDENT,C61,252,first,loss,S15,252
historical_student_e8,STUDENT,C61,253,second,loss,S15,253
historical_student_e8,STUDENT,C61,254,first,loss,S15,254
historical_student_e8,STUDENT,C61,255,second,loss,S15,255
historical_student_e8,STUDENT,C61,256,first,win,S15,256
historical_student_e8,STUDENT,C61,257,second,loss,S15,257
historical_student_e8,STUDENT,C61,258,first,loss,S15,258
historical_student_e8,STUDENT,C61,259,second,loss,S15,259
historical_student_e8,STUDENT,C61,260,first,loss,S15,260
historical_student_e8,STUDENT,C61,261,second,loss,S15,261
historical_student_e8,STUDENT,C61,262,first,loss,S15,262
historical_student_e8,STUDENT,C61,263,second,loss,S15,263
historical_student_e8,STUDENT,C61,264,first,loss,S15,264
historical_student_e8,STUDENT,C61,265,second,loss,S15,265
historical_student_e8,STUDENT,C61,266,first,loss,S15,266
historical_student_e8,STUDENT,C61,267,second,loss,S15,267
historical_student_e8,STUDENT,C61,268,first,loss,S15,268
historical_student_e8,STUDENT,C61,269,second,loss,S15,269
historical_student_e8,STUDENT,C61,270,first,loss,S15,270
historical_student_e8,STUDENT,C61,271,second,loss,S15,271
historical_student_e8,STUDENT,C61,272,first,loss,S15,272
historical_student_e8,STUDENT,C61,273,second,loss,S15,273
historical_student_e8,STUDENT,C61,274,first,loss,S15,274
historical_student_e8,STUDENT,C61,275,second,loss,S15,275
historical_student_e8,STUDENT,C61,276,first,loss,S15,276
historical_student_e8,STUDENT,C61,277,second,loss,S15,277
historical_student_e8,STUDENT,C61,278,first,loss,S15,278
historical_student_e8,STUDENT,C61,279,second,loss,S15,279
historical_student_e8,STUDENT,C61,280,first,loss,S15,280
historical_student_e8,STUDENT,C61,281,second,loss,S15,281
historical_student_e8,STUDENT,C61,282,first,loss,S15,282
historical_student_e8,STUDENT,C61,283,second,loss,S15,283
historical_student_e8,STUDENT,C61,284,first,loss,S15,284
historical_student_e8,STUDENT,C61,285,second,loss,S15,285
historical_student_e8,STUDENT,C61,286,first,loss,S15,286
historical_student_e8,STUDENT,C61,287,second,loss,S15,287
historical_student_e8,STUDENT,C61,288,first,loss,S15,288
historical_student_e8,STUDENT,C61,289,second,loss,S15,289
historical_student_e8,STUDENT,C61,290,first,loss,S15,290
historical_student_e8,STUDENT,C61,291,second,loss,S15,291
historical_student_e8,STUDENT,C61,292,first,loss,S15,292
historical_student_e8,STUDENT,C61,293,second,loss,S15,293
historical_student_e8,STUDENT,C61,294,first,loss,S15,294
historical_student_e8,STUDENT,C61,295,second,loss,S15,295
historical_student_e8,STUDENT,C61,296,first,loss,S15,296
historical_student_e8,STUDENT,C61,297,second,loss,S15,297
historical_student_e8,STUDENT,C61,298,first,loss,S15,298
historical_student_e8,STUDENT,C61,299,second,loss,S15,299
historical_student_e8,STUDENT,C61,300,first,loss,S15,300
historical_student_e8,STUDENT,C61,301,second,loss,S15,301
historical_student_e8,STUDENT,C61,302,first,loss,S15,302
historical_student_e8,STUDENT,C61,303,second,loss,S15,303
historical_student_e8,STUDENT,C61,304,first,loss,S15,304
historical_student_e8,STUDENT,C61,305,second,loss,S15,305
historical_student_e8,STUDENT,C61,306,first,loss,S15,306
historical_student_e8,STUDENT,C61,307,second,loss,S15,307
historical_student_e8,STUDENT,C61,308,first,loss,S15,308
historical_student_e8,STUDENT,C61,309,second,loss,S15,309
historical_student_e8,STUDENT,C61,310,first,loss,S15,310
historical_student_e8,STUDENT,C61,311,second,loss,S15,311
historical_student_e8,STUDENT,C61,312,first,loss,S15,312
historical_student_e8,STUDENT,C61,313,second,loss,S15,313
historical_student_e8,STUDENT,C61,314,first,loss,S15,314
historical_student_e8,STUDENT,C61,315,second,loss,S15,315
historical_student_e8,STUDENT,C61,316,first,loss,S15,316
historical_student_e8,STUDENT,C61,317,second,loss,S15,317
historical_student_e8,STUDENT,C61,318,first,loss,S15,318
historical_student_e8,STUDENT,C61,319,second,loss,S15,319
historical_student_e8,STUDENT,C61,320,first,loss,S15,320
historical_student_e8,STUDENT,C61,321,second,loss,S15,321
historical_student_e8,STUDENT,C61,322,first,loss,S15,322
historical_student_e8,STUDENT,C61,323,second,loss,S15,323
historical_student_e8,STUDENT,C61,324,first,loss,S15,324
historical_student_e8,STUDENT,C61,325,second,loss,S15,325
historical_student_e8,STUDENT,C61,326,first,loss,S15,326
historical_student_e8,STUDENT,C61,327,second,loss,S15,327
historical_student_e8,STUDENT,C61,328,first,loss,S15,328
historical_student_e8,STUDENT,C61,329,second,loss,S15,329
historical_student_e8,STUDENT,C61,330,first,loss,S15,330
historical_student_e8,STUDENT,C61,331,second,loss,S15,331
historical_student_e8,STUDENT,C61,332,first,loss,S15,332
historical_student_e8,STUDENT,C61,333,second,loss,S15,333
historical_student_e8,STUDENT,C61,334,first,loss,S15,334
historical_student_e8,STUDENT,C61,335,second,loss,S15,335
historical_student_e8,STUDENT,C61,336,first,loss,S15,336
historical_student_e8,STUDENT,C61,337,second,loss,S15,337
historical_student_e8,STUDENT,C61,338,first,loss,S15,338
historical_student_e8,STUDENT,C61,339,second,loss,S15,339
historical_student_e8,STUDENT,C61,340,first,loss,S15,340
historical_student_e8,STUDENT,C61,341,second,loss,S15,341
historical_student_e8,STUDENT,C61,342,first,loss,S15,342
historical_student_e8,STUDENT,C61,343,second,loss,S15,343
historical_student_e8,STUDENT,C61,344,first,loss,S15,344
historical_student_e8,STUDENT,C61,345,second,loss,S15,345
historical_student_e8,STUDENT,C61,346,first,loss,S15,346
historical_student_e8,STUDENT,C61,347,second,loss,S15,347
historical_student_e8,STUDENT,C61,348,first,loss,S15,348
historical_student_e8,STUDENT,C61,349,second,loss,S15,349
historical_student_e8,STUDENT,C61,350,first,loss,S15,350
historical_student_e8,STUDENT,C61,351,second,loss,S15,351
historical_student_e8,STUDENT,C61,352,first,loss,S15,352
historical_student_e8,STUDENT,C61,353,second,loss,S15,353
historical_student_e8,STUDENT,C61,354,first,loss,S15,354
historical_student_e8,STUDENT,C61,355,second,loss,S15,355
historical_student_e8,STUDENT,C61,356,first,loss,S15,356
historical_student_e8,STUDENT,C61,357,second,loss,S15,357
historical_student_e8,STUDENT,C61,358,first,loss,S15,358
historical_student_e8,STUDENT,C61,359,second,loss,S15,359
historical_student_e8,STUDENT,C61,360,first,loss,S15,360
historical_student_e8,STUDENT,C61,361,second,loss,S15,361
historical_student_e8,STUDENT,C61,362,first,loss,S15,362
historical_student_e8,STUDENT,C61,363,second,loss,S15,363
historical_student_e8,STUDENT,C61,364,first,loss,S15,364
historical_student_e8,STUDENT,C61,365,second,loss,S15,365
historical_student_e8,STUDENT,C61,366,first,loss,S15,366
historical_student_e8,STUDENT,C61,367,second,loss,S15,367
historical_student_e8,STUDENT,C61,368,first,loss,S15,368
historical_student_e8,STUDENT,C61,369,second,loss,S15,369
historical_student_e8,STUDENT,C61,370,first,loss,S15,370
historical_student_e8,STUDENT,C61,371,second,loss,S15,371
historical_student_e8,STUDENT,C61,372,first,loss,S15,372
historical_student_e8,STUDENT,C61,373,second,loss,S15,373
historical_student_e8,STUDENT,C61,374,first,loss,S15,374
historical_student_e8,STUDENT,C61,375,second,loss,S15,375
historical_student_e8,STUDENT,C61,376,first,loss,S15,376
historical_student_e8,STUDENT,C61,377,second,loss,S15,377
historical_student_e8,STUDENT,C61,378,first,loss,S15,378
historical_student_e8,STUDENT,C61,379,second,loss,S15,379
historical_student_e8,STUDENT,C61,380,first,loss,S15,380
historical_student_e8,STUDENT,C61,381,second,loss,S15,381
historical_student_e8,STUDENT,C61,382,first,draw,S15,382
historical_student_e8,STUDENT,C61,383,second,loss,S15,383
historical_student_e8,STUDENT,C61,384,first,loss,S15,384
historical_student_e8,STUDENT,C61,385,second,loss,S15,385
historical_student_e8,STUDENT,C61,386,first,loss,S15,386
historical_student_e8,STUDENT,C61,387,second,loss,S15,387
historical_student_e8,STUDENT,C61,388,first,loss,S15,388
historical_student_e8,STUDENT,C61,389,second,loss,S15,389
historical_student_e8,STUDENT,C61,390,first,loss,S15,390
historical_student_e8,STUDENT,C61,391,second,loss,S15,391
historical_student_e8,STUDENT,C61,392,first,loss,S15,392
historical_student_e8,STUDENT,C61,393,second,loss,S15,393
historical_student_e8,STUDENT,C61,394,first,loss,S15,394
historical_student_e8,STUDENT,C61,395,second,loss,S15,395
historical_student_e8,STUDENT,C61,396,first,loss,S15,396
historical_student_e8,STUDENT,C61,397,second,loss,S15,397
historical_student_e8,STUDENT,C61,398,first,loss,S15,398
historical_student_e8,STUDENT,C61,399,second,loss,S15,399
historical_student_e8,STUDENT,C61,400,first,loss,S15,400
historical_student_e8,STUDENT,C61,401,second,loss,S15,401
historical_student_e8,STUDENT,C61,402,first,loss,S15,402
historical_student_e8,STUDENT,C61,403,second,loss,S15,403
historical_student_e8,STUDENT,C61,404,first,loss,S15,404
historical_student_e8,STUDENT,C61,405,second,loss,S15,405
historical_student_e8,STUDENT,C61,406,first,loss,S15,406
historical_student_e8,STUDENT,C61,407,second,loss,S15,407
historical_student_e8,STUDENT,C61,408,first,loss,S15,408
historical_student_e8,STUDENT,C61,409,second,loss,S15,409
historical_student_e8,STUDENT,C61,410,first,loss,S15,410
historical_student_e8,STUDENT,C61,411,second,loss,S15,411
historical_student_e8,STUDENT,C61,412,first,loss,S15,412
historical_student_e8,STUDENT,C61,413,second,loss,S15,413
historical_student_e8,STUDENT,C61,414,first,loss,S15,414
historical_student_e8,STUDENT,C61,415,second,loss,S15,415
historical_student_e8,STUDENT,C61,416,first,loss,S15,416
historical_student_e8,STUDENT,C61,417,second,loss,S15,417
historical_student_e8,STUDENT,C61,418,first,loss,S15,418
historical_student_e8,STUDENT,C61,419,second,loss,S15,419
historical_student_e8,STUDENT,C61,420,first,loss,S15,420
historical_student_e8,STUDENT,C61,421,second,loss,S15,421
historical_student_e8,STUDENT,C61,422,first,loss,S15,422
historical_student_e8,STUDENT,C61,423,second,loss,S15,423
historical_student_e8,STUDENT,C61,424,first,win,S15,424
historical_student_e8,STUDENT,C61,425,second,loss,S15,425
historical_student_e8,STUDENT,C61,426,first,loss,S15,426
historical_student_e8,STUDENT,C61,427,second,loss,S15,427
historical_student_e8,STUDENT,C61,428,first,loss,S15,428
historical_student_e8,STUDENT,C61,429,second,loss,S15,429
historical_student_e8,STUDENT,C61,430,first,loss,S15,430
historical_student_e8,STUDENT,C61,431,second,loss,S15,431
historical_student_e8,STUDENT,C61,432,first,loss,S15,432
historical_student_e8,STUDENT,C61,433,second,loss,S15,433
historical_student_e8,STUDENT,C61,434,first,loss,S15,434
historical_student_e8,STUDENT,C61,435,second,loss,S15,435
historical_student_e8,STUDENT,C61,436,first,loss,S15,436
historical_student_e8,STUDENT,C61,437,second,loss,S15,437
historical_student_e8,STUDENT,C61,438,first,loss,S15,438
historical_student_e8,STUDENT,C61,439,second,loss,S15,439
historical_student_e8,STUDENT,C61,440,first,loss,S15,440
historical_student_e8,STUDENT,C61,441,second,loss,S15,441
historical_student_e8,STUDENT,C61,442,first,draw,S15,442
historical_student_e8,STUDENT,C61,443,second,loss,S15,443
historical_student_e8,STUDENT,C61,444,first,loss,S15,444
historical_student_e8,STUDENT,C61,445,second,loss,S15,445
historical_student_e8,STUDENT,C61,446,first,loss,S15,446
historical_student_e8,STUDENT,C61,447,second,loss,S15,447
historical_student_e8,STUDENT,C61,448,first,loss,S15,448
historical_student_e8,STUDENT,C61,449,second,loss,S15,449
historical_student_e8,STUDENT,C61,450,first,loss,S15,450
historical_student_e8,STUDENT,C61,451,second,loss,S15,451
historical_student_e8,STUDENT,C61,452,first,loss,S15,452
historical_student_e8,STUDENT,C61,453,second,loss,S15,453
historical_student_e8,STUDENT,C61,454,first,loss,S15,454
historical_student_e8,STUDENT,C61,455,second,loss,S15,455
historical_student_e8,STUDENT,C61,456,first,loss,S15,456
historical_student_e8,STUDENT,C61,457,second,loss,S15,457
historical_student_e8,STUDENT,C61,458,first,loss,S15,458
historical_student_e8,STUDENT,C61,459,second,loss,S15,459
historical_student_e8,STUDENT,C61,460,first,loss,S15,460
historical_student_e8,STUDENT,C61,461,second,loss,S15,461
historical_student_e8,STUDENT,C61,462,first,loss,S15,462
historical_student_e8,STUDENT,C61,463,second,loss,S15,463
historical_student_e8,STUDENT,C61,464,first,loss,S15,464
historical_student_e8,STUDENT,C61,465,second,loss,S15,465
historical_student_e8,STUDENT,C61,466,first,loss,S15,466
historical_student_e8,STUDENT,C61,467,second,loss,S15,467
historical_student_e8,STUDENT,C61,468,first,loss,S15,468
historical_student_e8,STUDENT,C61,469,second,loss,S15,469
historical_student_e8,STUDENT,C61,470,first,loss,S15,470
historical_student_e8,STUDENT,C61,471,second,loss,S15,471
historical_student_e8,STUDENT,C61,472,first,loss,S15,472
historical_student_e8,STUDENT,C61,473,second,loss,S15,473
historical_student_e8,STUDENT,C61,474,first,loss,S15,474
historical_student_e8,STUDENT,C61,475,second,loss,S15,475
historical_student_e8,STUDENT,C61,476,first,loss,S15,476
historical_student_e8,STUDENT,C61,477,second,loss,S15,477
historical_student_e8,STUDENT,C61,478,first,loss,S15,478
historical_student_e8,STUDENT,C61,479,second,loss,S15,479
historical_student_e8,STUDENT,C61,480,first,loss,S15,480
historical_student_e8,STUDENT,C61,481,second,loss,S15,481
historical_student_e8,STUDENT,C61,482,first,loss,S15,482
historical_student_e8,STUDENT,C61,483,second,loss,S15,483
historical_student_e8,STUDENT,C61,484,first,loss,S15,484
historical_student_e8,STUDENT,C61,485,second,loss,S15,485
historical_student_e8,STUDENT,C61,486,first,loss,S15,486
historical_student_e8,STUDENT,C61,487,second,loss,S15,487
historical_student_e8,STUDENT,C61,488,first,loss,S15,488
historical_student_e8,STUDENT,C61,489,second,loss,S15,489
historical_student_e8,STUDENT,C61,490,first,loss,S15,490
historical_student_e8,STUDENT,C61,491,second,loss,S15,491
historical_student_e8,STUDENT,C61,492,first,loss,S15,492
historical_student_e8,STUDENT,C61,493,second,loss,S15,493
historical_student_e8,STUDENT,C61,494,first,loss,S15,494
historical_student_e8,STUDENT,C61,495,second,loss,S15,495
historical_student_e8,STUDENT,C61,496,first,loss,S15,496
historical_student_e8,STUDENT,C61,497,second,loss,S15,497
historical_student_e8,STUDENT,C61,498,first,loss,S15,498
historical_student_e8,STUDENT,C61,499,second,loss,S15,499
historical_student_e8,STUDENT,C61,500,first,loss,S15,500
historical_student_e8,STUDENT,C61,501,second,loss,S15,501
historical_student_e8,STUDENT,C61,502,first,loss,S15,502
historical_student_e8,STUDENT,C61,503,second,loss,S15,503
historical_student_e8,STUDENT,C61,504,first,loss,S15,504
historical_student_e8,STUDENT,C61,505,second,loss,S15,505
historical_student_e8,STUDENT,C61,506,first,loss,S15,506
historical_student_e8,STUDENT,C61,507,second,loss,S15,507
historical_student_e8,STUDENT,C61,508,first,loss,S15,508
historical_student_e8,STUDENT,C61,509,second,loss,S15,509
historical_student_e8,STUDENT,C61,510,first,win,S15,510
historical_student_e8,STUDENT,C61,511,second,loss,S15,511
historical_student_e8,STUDENT,C61,512,first,loss,S15,512
historical_student_e8,STUDENT,C61,513,second,loss,S15,513
historical_student_e8,STUDENT,C61,514,first,loss,S15,514
historical_student_e8,STUDENT,C61,515,second,loss,S15,515
historical_student_e8,STUDENT,C61,516,first,loss,S15,516
historical_student_e8,STUDENT,C61,517,second,loss,S15,517
historical_student_e8,STUDENT,C61,518,first,loss,S15,518
historical_student_e8,STUDENT,C61,519,second,loss,S15,519
historical_student_e8,STUDENT,C61,520,first,loss,S15,520
historical_student_e8,STUDENT,C61,521,second,loss,S15,521
historical_student_e8,STUDENT,C61,522,first,loss,S15,522
historical_student_e8,STUDENT,C61,523,second,loss,S15,523
historical_student_e8,STUDENT,C61,524,first,loss,S15,524
historical_student_e8,STUDENT,C61,525,second,loss,S15,525
historical_student_e8,STUDENT,C61,526,first,loss,S15,526
historical_student_e8,STUDENT,C61,527,second,loss,S15,527
historical_student_e8,STUDENT,C61,528,first,loss,S15,528
historical_student_e8,STUDENT,C61,529,second,loss,S15,529
historical_student_e8,STUDENT,C61,530,first,loss,S15,530
historical_student_e8,STUDENT,C61,531,second,loss,S15,531
historical_student_e8,STUDENT,C61,532,first,loss,S15,532
historical_student_e8,STUDENT,C61,533,second,loss,S15,533
historical_student_e8,STUDENT,C61,534,first,win,S15,534
historical_student_e8,STUDENT,C61,535,second,loss,S15,535
historical_student_e8,STUDENT,C61,536,first,loss,S15,536
historical_student_e8,STUDENT,C61,537,second,loss,S15,537
historical_student_e8,STUDENT,C61,538,first,loss,S15,538
historical_student_e8,STUDENT,C61,539,second,loss,S15,539
historical_student_e8,STUDENT,C61,540,first,loss,S15,540
historical_student_e8,STUDENT,C61,541,second,loss,S15,541
historical_student_e8,STUDENT,C61,542,first,loss,S15,542
historical_student_e8,STUDENT,C61,543,second,loss,S15,543
historical_student_e8,STUDENT,C61,544,first,loss,S15,544
historical_student_e8,STUDENT,C61,545,second,loss,S15,545
historical_student_e8,STUDENT,C61,546,first,loss,S15,546
historical_student_e8,STUDENT,C61,547,second,loss,S15,547
historical_student_e8,STUDENT,C61,548,first,loss,S15,548
historical_student_e8,STUDENT,C61,549,second,loss,S15,549
historical_student_e8,STUDENT,C61,550,first,loss,S15,550
historical_student_e8,STUDENT,C61,551,second,loss,S15,551
historical_student_e8,STUDENT,C61,552,first,loss,S15,552
historical_student_e8,STUDENT,C61,553,second,loss,S15,553
historical_student_e8,STUDENT,C61,554,first,loss,S15,554
historical_student_e8,STUDENT,C61,555,second,loss,S15,555
historical_student_e8,STUDENT,C61,556,first,loss,S15,556
historical_student_e8,STUDENT,C61,557,second,loss,S15,557
historical_student_e8,STUDENT,C61,558,first,loss,S15,558
historical_student_e8,STUDENT,C61,559,second,loss,S15,559
historical_student_e8,STUDENT,C61,560,first,loss,S15,560
historical_student_e8,STUDENT,C61,561,second,loss,S15,561
historical_student_e8,STUDENT,C61,562,first,loss,S15,562
historical_student_e8,STUDENT,C61,563,second,loss,S15,563
historical_student_e8,STUDENT,C61,564,first,loss,S15,564
historical_student_e8,STUDENT,C61,565,second,loss,S15,565
historical_student_e8,STUDENT,C61,566,first,loss,S15,566
historical_student_e8,STUDENT,C61,567,second,loss,S15,567
historical_student_e8,STUDENT,C61,568,first,loss,S15,568
historical_student_e8,STUDENT,C61,569,second,loss,S15,569
historical_student_e8,STUDENT,C61,570,first,loss,S15,570
historical_student_e8,STUDENT,C61,571,second,loss,S15,571
historical_student_e8,STUDENT,C61,572,first,loss,S15,572
historical_student_e8,STUDENT,C61,573,second,loss,S15,573
historical_student_e8,STUDENT,C61,574,first,loss,S15,574
historical_student_e8,STUDENT,C61,575,second,loss,S15,575
historical_student_e8,STUDENT,C61,576,first,loss,S15,576
historical_student_e8,STUDENT,C61,577,second,loss,S15,577
historical_student_e8,STUDENT,C61,578,first,loss,S15,578
historical_student_e8,STUDENT,C61,579,second,loss,S15,579
historical_student_e8,STUDENT,C61,580,first,loss,S15,580
historical_student_e8,STUDENT,C61,581,second,loss,S15,581
historical_student_e8,STUDENT,C61,582,first,loss,S15,582
historical_student_e8,STUDENT,C61,583,second,loss,S15,583
historical_student_e8,STUDENT,C61,584,first,loss,S15,584
historical_student_e8,STUDENT,C61,585,second,loss,S15,585
historical_student_e8,STUDENT,C61,586,first,loss,S15,586
historical_student_e8,STUDENT,C61,587,second,loss,S15,587
historical_student_e8,STUDENT,C61,588,first,loss,S15,588
historical_student_e8,STUDENT,C61,589,second,loss,S15,589
historical_student_e8,STUDENT,C61,590,first,loss,S15,590
historical_student_e8,STUDENT,C61,591,second,loss,S15,591
historical_student_e8,STUDENT,C61,592,first,loss,S15,592
historical_student_e8,STUDENT,C61,593,second,loss,S15,593
historical_student_e8,STUDENT,C61,594,first,loss,S15,594
historical_student_e8,STUDENT,C61,595,second,loss,S15,595
historical_student_e8,STUDENT,C61,596,first,loss,S15,596
historical_student_e8,STUDENT,C61,597,second,loss,S15,597
historical_student_e8,STUDENT,C61,598,first,loss,S15,598
historical_student_e8,STUDENT,C61,599,second,loss,S15,599
historical_student_e8,STUDENT,C61,600,first,loss,S15,600
historical_student_e8,STUDENT,C61,601,second,loss,S15,601
historical_student_e8,STUDENT,C61,602,first,loss,S15,602
historical_student_e8,STUDENT,C61,603,second,loss,S15,603
historical_student_e8,STUDENT,C61,604,first,win,S15,604
historical_student_e8,STUDENT,C61,605,second,loss,S15,605
historical_student_e8,STUDENT,C61,606,first,loss,S15,606
historical_student_e8,STUDENT,C61,607,second,loss,S15,607
historical_student_e8,STUDENT,C61,608,first,loss,S15,608
historical_student_e8,STUDENT,C61,609,second,loss,S15,609
historical_student_e8,STUDENT,C61,610,first,loss,S15,610
historical_student_e8,STUDENT,C61,611,second,loss,S15,611
historical_student_e8,STUDENT,C61,612,first,loss,S15,612
historical_student_e8,STUDENT,C61,613,second,loss,S15,613
historical_student_e8,STUDENT,C61,614,first,loss,S15,614
historical_student_e8,STUDENT,C61,615,second,loss,S15,615
historical_student_e8,STUDENT,C61,616,first,loss,S15,616
historical_student_e8,STUDENT,C61,617,second,loss,S15,617
historical_student_e8,STUDENT,C61,618,first,loss,S15,618
historical_student_e8,STUDENT,C61,619,second,loss,S15,619
historical_student_e8,STUDENT,C61,620,first,loss,S15,620
historical_student_e8,STUDENT,C61,621,second,loss,S15,621
historical_student_e8,STUDENT,C61,622,first,loss,S15,622
historical_student_e8,STUDENT,C61,623,second,loss,S15,623
historical_student_e8,STUDENT,C61,624,first,loss,S15,624
historical_student_e8,STUDENT,C61,625,second,loss,S15,625
historical_student_e8,STUDENT,C61,626,first,loss,S15,626
historical_student_e8,STUDENT,C61,627,second,loss,S15,627
historical_student_e8,STUDENT,C61,628,first,loss,S15,628
historical_student_e8,STUDENT,C61,629,second,loss,S15,629
historical_student_e8,STUDENT,C61,630,first,loss,S15,630
historical_student_e8,STUDENT,C61,631,second,loss,S15,631
historical_student_e8,STUDENT,C61,632,first,loss,S15,632
historical_student_e8,STUDENT,C61,633,second,loss,S15,633
historical_student_e8,STUDENT,C61,634,first,loss,S15,634
historical_student_e8,STUDENT,C61,635,second,loss,S15,635
historical_student_e8,STUDENT,C61,636,first,loss,S15,636
historical_student_e8,STUDENT,C61,637,second,loss,S15,637
historical_student_e8,STUDENT,C61,638,first,loss,S15,638
historical_student_e8,STUDENT,C61,639,second,loss,S15,639
historical_student_e8,STUDENT,C61,640,first,loss,S15,640
historical_student_e8,STUDENT,C61,641,second,loss,S15,641
historical_student_e8,STUDENT,C61,642,first,loss,S15,642
historical_student_e8,STUDENT,C61,643,second,loss,S15,643
historical_student_e8,STUDENT,C61,644,first,loss,S15,644
historical_student_e8,STUDENT,C61,645,second,loss,S15,645
historical_student_e8,STUDENT,C61,646,first,loss,S15,646
historical_student_e8,STUDENT,C61,647,second,loss,S15,647
historical_student_e8,STUDENT,C61,648,first,loss,S15,648
historical_student_e8,STUDENT,C61,649,second,loss,S15,649
historical_student_e8,STUDENT,C61,650,first,loss,S15,650
historical_student_e8,STUDENT,C61,651,second,loss,S15,651
historical_student_e8,STUDENT,C61,652,first,loss,S15,652
historical_student_e8,STUDENT,C61,653,second,loss,S15,653
historical_student_e8,STUDENT,C61,654,first,loss,S15,654
historical_student_e8,STUDENT,C61,655,second,loss,S15,655
historical_student_e8,STUDENT,C61,656,first,loss,S15,656
historical_student_e8,STUDENT,C61,657,second,loss,S15,657
historical_student_e8,STUDENT,C61,658,first,loss,S15,658
historical_student_e8,STUDENT,C61,659,second,loss,S15,659
historical_student_e8,STUDENT,C61,660,first,loss,S15,660
historical_student_e8,STUDENT,C61,661,second,draw,S15,661
historical_student_e8,STUDENT,C61,662,first,loss,S15,662
historical_student_e8,STUDENT,C61,663,second,loss,S15,663
historical_student_e8,STUDENT,C61,664,first,loss,S15,664
historical_student_e8,STUDENT,C61,665,second,loss,S15,665
historical_student_e8,STUDENT,C61,666,first,loss,S15,666
historical_student_e8,STUDENT,C61,667,second,loss,S15,667
historical_student_e8,STUDENT,C61,668,first,loss,S15,668
historical_student_e8,STUDENT,C61,669,second,loss,S15,669
historical_student_e8,STUDENT,C61,670,first,loss,S15,670
historical_student_e8,STUDENT,C61,671,second,loss,S15,671
historical_student_e8,STUDENT,C61,672,first,loss,S15,672
historical_student_e8,STUDENT,C61,673,second,loss,S15,673
historical_student_e8,STUDENT,C61,674,first,loss,S15,674
historical_student_e8,STUDENT,C61,675,second,loss,S15,675
historical_student_e8,STUDENT,C61,676,first,loss,S15,676
historical_student_e8,STUDENT,C61,677,second,loss,S15,677
historical_student_e8,STUDENT,C61,678,first,loss,S15,678
historical_student_e8,STUDENT,C61,679,second,loss,S15,679
historical_student_e8,STUDENT,C61,680,first,loss,S15,680
historical_student_e8,STUDENT,C61,681,second,loss,S15,681
historical_student_e8,STUDENT,C61,682,first,loss,S15,682
historical_student_e8,STUDENT,C61,683,second,loss,S15,683
historical_student_e8,STUDENT,C61,684,first,loss,S15,684
historical_student_e8,STUDENT,C61,685,second,loss,S15,685
historical_student_e8,STUDENT,C61,686,first,loss,S15,686
historical_student_e8,STUDENT,C61,687,second,loss,S15,687
historical_student_e8,STUDENT,C61,688,first,loss,S15,688
historical_student_e8,STUDENT,C61,689,second,loss,S15,689
historical_student_e8,STUDENT,C61,690,first,loss,S15,690
historical_student_e8,STUDENT,C61,691,second,loss,S15,691
historical_student_e8,STUDENT,C61,692,first,loss,S15,692
historical_student_e8,STUDENT,C61,693,second,loss,S15,693
historical_student_e8,STUDENT,C61,694,first,loss,S15,694
historical_student_e8,STUDENT,C61,695,second,loss,S15,695
historical_student_e8,STUDENT,C61,696,first,loss,S15,696
historical_student_e8,STUDENT,C61,697,second,loss,S15,697
historical_student_e8,STUDENT,C61,698,first,loss,S15,698
historical_student_e8,STUDENT,C61,699,second,loss,S15,699
historical_student_e8,STUDENT,C61,700,first,loss,S15,700
historical_student_e8,STUDENT,C61,701,second,loss,S15,701
historical_student_e8,STUDENT,C61,702,first,loss,S15,702
historical_student_e8,STUDENT,C61,703,second,loss,S15,703
historical_student_e8,STUDENT,C61,704,first,loss,S15,704
historical_student_e8,STUDENT,C61,705,second,loss,S15,705
historical_student_e8,STUDENT,C61,706,first,loss,S15,706
historical_student_e8,STUDENT,C61,707,second,loss,S15,707
historical_student_e8,STUDENT,C61,708,first,loss,S15,708
historical_student_e8,STUDENT,C61,709,second,loss,S15,709
historical_student_e8,STUDENT,C61,710,first,loss,S15,710
historical_student_e8,STUDENT,C61,711,second,loss,S15,711
historical_student_e8,STUDENT,C61,712,first,loss,S15,712
historical_student_e8,STUDENT,C61,713,second,loss,S15,713
historical_student_e8,STUDENT,C61,714,first,loss,S15,714
historical_student_e8,STUDENT,C61,715,second,loss,S15,715
historical_student_e8,STUDENT,C61,716,first,loss,S15,716
historical_student_e8,STUDENT,C61,717,second,loss,S15,717
historical_student_e8,STUDENT,C61,718,first,loss,S15,718
historical_student_e8,STUDENT,C61,719,second,loss,S15,719
historical_student_e8,STUDENT,C61,720,first,loss,S15,720
historical_student_e8,STUDENT,C61,721,second,loss,S15,721
historical_student_e8,STUDENT,C61,722,first,win,S15,722
historical_student_e8,STUDENT,C61,723,second,loss,S15,723
historical_student_e8,STUDENT,C61,724,first,loss,S15,724
historical_student_e8,STUDENT,C61,725,second,loss,S15,725
historical_student_e8,STUDENT,C61,726,first,loss,S15,726
historical_student_e8,STUDENT,C61,727,second,loss,S15,727
historical_student_e8,STUDENT,C61,728,first,loss,S15,728
historical_student_e8,STUDENT,C61,729,second,loss,S15,729
historical_student_e8,STUDENT,C61,730,first,loss,S15,730
historical_student_e8,STUDENT,C61,731,second,loss,S15,731
historical_student_e8,STUDENT,C61,732,first,loss,S15,732
historical_student_e8,STUDENT,C61,733,second,loss,S15,733
historical_student_e8,STUDENT,C61,734,first,loss,S15,734
historical_student_e8,STUDENT,C61,735,second,loss,S15,735
historical_student_e8,STUDENT,C61,736,first,loss,S15,736
historical_student_e8,STUDENT,C61,737,second,loss,S15,737
historical_student_e8,STUDENT,C61,738,first,loss,S15,738
historical_student_e8,STUDENT,C61,739,second,loss,S15,739
historical_student_e8,STUDENT,C61,740,first,loss,S15,740
historical_student_e8,STUDENT,C61,741,second,loss,S15,741
historical_student_e8,STUDENT,C61,742,first,loss,S15,742
historical_student_e8,STUDENT,C61,743,second,loss,S15,743
historical_student_e8,STUDENT,C61,744,first,loss,S15,744
historical_student_e8,STUDENT,C61,745,second,loss,S15,745
historical_student_e8,STUDENT,C61,746,first,loss,S15,746
historical_student_e8,STUDENT,C61,747,second,loss,S15,747
historical_student_e8,STUDENT,C61,748,first,loss,S15,748
historical_student_e8,STUDENT,C61,749,second,loss,S15,749
historical_student_e8,STUDENT,C61,750,first,loss,S15,750
historical_student_e8,STUDENT,C61,751,second,loss,S15,751
historical_student_e8,STUDENT,C61,752,first,loss,S15,752
historical_student_e8,STUDENT,C61,753,second,loss,S15,753
historical_student_e8,STUDENT,C61,754,first,loss,S15,754
historical_student_e8,STUDENT,C61,755,second,loss,S15,755
historical_student_e8,STUDENT,C61,756,first,loss,S15,756
historical_student_e8,STUDENT,C61,757,second,loss,S15,757
historical_student_e8,STUDENT,C61,758,first,loss,S15,758
historical_student_e8,STUDENT,C61,759,second,loss,S15,759
historical_student_e8,STUDENT,C61,760,first,loss,S15,760
historical_student_e8,STUDENT,C61,761,second,loss,S15,761
historical_student_e8,STUDENT,C61,762,first,loss,S15,762
historical_student_e8,STUDENT,C61,763,second,loss,S15,763
historical_student_e8,STUDENT,C61,764,first,loss,S15,764
historical_student_e8,STUDENT,C61,765,second,loss,S15,765
historical_student_e8,STUDENT,C61,766,first,loss,S15,766
historical_student_e8,STUDENT,C61,767,second,loss,S15,767
historical_student_e8,STUDENT,C61,768,first,loss,S15,768
historical_student_e8,STUDENT,C61,769,second,loss,S15,769
historical_student_e8,STUDENT,C61,770,first,loss,S15,770
historical_student_e8,STUDENT,C61,771,second,loss,S15,771
historical_student_e8,STUDENT,C61,772,first,loss,S15,772
historical_student_e8,STUDENT,C61,773,second,loss,S15,773
historical_student_e8,STUDENT,C61,774,first,loss,S15,774
historical_student_e8,STUDENT,C61,775,second,loss,S15,775
historical_student_e8,STUDENT,C61,776,first,loss,S15,776
historical_student_e8,STUDENT,C61,777,second,loss,S15,777
historical_student_e8,STUDENT,C61,778,first,loss,S15,778
historical_student_e8,STUDENT,C61,779,second,loss,S15,779
historical_student_e8,STUDENT,C61,780,first,loss,S15,780
historical_student_e8,STUDENT,C61,781,second,loss,S15,781
historical_student_e8,STUDENT,C61,782,first,loss,S15,782
historical_student_e8,STUDENT,C61,783,second,loss,S15,783
historical_student_e8,STUDENT,C61,784,first,loss,S15,784
historical_student_e8,STUDENT,C61,785,second,loss,S15,785
historical_student_e8,STUDENT,C61,786,first,loss,S15,786
historical_student_e8,STUDENT,C61,787,second,loss,S15,787
historical_student_e8,STUDENT,C61,788,first,loss,S15,788
historical_student_e8,STUDENT,C61,789,second,loss,S15,789
historical_student_e8,STUDENT,C61,790,first,loss,S15,790
historical_student_e8,STUDENT,C61,791,second,loss,S15,791
historical_student_e8,STUDENT,C61,792,first,loss,S15,792
historical_student_e8,STUDENT,C61,793,second,loss,S15,793
historical_student_e8,STUDENT,C61,794,first,loss,S15,794
historical_student_e8,STUDENT,C61,795,second,loss,S15,795
historical_student_e8,STUDENT,C61,796,first,loss,S15,796
historical_student_e8,STUDENT,C61,797,second,loss,S15,797
historical_student_e8,STUDENT,C61,798,first,loss,S15,798
historical_student_e8,STUDENT,C61,799,second,loss,S15,799
historical_student_e8,STUDENT,C61,800,first,loss,S15,800
historical_student_e8,STUDENT,C61,801,second,loss,S15,801
historical_student_e8,STUDENT,C61,802,first,loss,S15,802
historical_student_e8,STUDENT,C61,803,second,loss,S15,803
historical_student_e8,STUDENT,C61,804,first,loss,S15,804
historical_student_e8,STUDENT,C61,805,second,loss,S15,805
historical_student_e8,STUDENT,C61,806,first,loss,S15,806
historical_student_e8,STUDENT,C61,807,second,loss,S15,807
historical_student_e8,STUDENT,C61,808,first,loss,S15,808
historical_student_e8,STUDENT,C61,809,second,loss,S15,809
historical_student_e8,STUDENT,C61,810,first,loss,S15,810
historical_student_e8,STUDENT,C61,811,second,loss,S15,811
historical_student_e8,STUDENT,C61,812,first,loss,S15,812
historical_student_e8,STUDENT,C61,813,second,loss,S15,813
historical_student_e8,STUDENT,C61,814,first,loss,S15,814
historical_student_e8,STUDENT,C61,815,second,loss,S15,815
historical_student_e8,STUDENT,C61,816,first,loss,S15,816
historical_student_e8,STUDENT,C61,817,second,loss,S15,817
historical_student_e8,STUDENT,C61,818,first,loss,S15,818
historical_student_e8,STUDENT,C61,819,second,loss,S15,819
historical_student_e8,STUDENT,C61,820,first,loss,S15,820
historical_student_e8,STUDENT,C61,821,second,loss,S15,821
historical_student_e8,STUDENT,C61,822,first,loss,S15,822
historical_student_e8,STUDENT,C61,823,second,loss,S15,823
historical_student_e8,STUDENT,C61,824,first,loss,S15,824
historical_student_e8,STUDENT,C61,825,second,loss,S15,825
historical_student_e8,STUDENT,C61,826,first,loss,S15,826
historical_student_e8,STUDENT,C61,827,second,loss,S15,827
historical_student_e8,STUDENT,C61,828,first,loss,S15,828
historical_student_e8,STUDENT,C61,829,second,loss,S15,829
historical_student_e8,STUDENT,C61,830,first,loss,S15,830
historical_student_e8,STUDENT,C61,831,second,loss,S15,831
historical_student_e8,STUDENT,C61,832,first,loss,S15,832
historical_student_e8,STUDENT,C61,833,second,loss,S15,833
historical_student_e8,STUDENT,C61,834,first,loss,S15,834
historical_student_e8,STUDENT,C61,835,second,loss,S15,835
historical_student_e8,STUDENT,C61,836,first,loss,S15,836
historical_student_e8,STUDENT,C61,837,second,loss,S15,837
historical_student_e8,STUDENT,C61,838,first,loss,S15,838
historical_student_e8,STUDENT,C61,839,second,loss,S15,839
historical_student_e8,STUDENT,C61,840,first,loss,S15,840
historical_student_e8,STUDENT,C61,841,second,loss,S15,841
historical_student_e8,STUDENT,C61,842,first,loss,S15,842
historical_student_e8,STUDENT,C61,843,second,loss,S15,843
historical_student_e8,STUDENT,C61,844,first,loss,S15,844
historical_student_e8,STUDENT,C61,845,second,loss,S15,845
historical_student_e8,STUDENT,C61,846,first,win,S15,846
historical_student_e8,STUDENT,C61,847,second,loss,S15,847
historical_student_e8,STUDENT,C61,848,first,win,S15,848
historical_student_e8,STUDENT,C61,849,second,loss,S15,849
historical_student_e8,STUDENT,C61,850,first,win,S15,850
historical_student_e8,STUDENT,C61,851,second,loss,S15,851
historical_student_e8,STUDENT,C61,852,first,loss,S15,852
historical_student_e8,STUDENT,C61,853,second,loss,S15,853
historical_student_e8,STUDENT,C61,854,first,loss,S15,854
historical_student_e8,STUDENT,C61,855,second,loss,S15,855
historical_student_e8,STUDENT,C61,856,first,loss,S15,856
historical_student_e8,STUDENT,C61,857,second,loss,S15,857
historical_student_e8,STUDENT,C61,858,first,loss,S15,858
historical_student_e8,STUDENT,C61,859,second,loss,S15,859
historical_student_e8,STUDENT,C61,860,first,loss,S15,860
historical_student_e8,STUDENT,C61,861,second,loss,S15,861
historical_student_e8,STUDENT,C61,862,first,loss,S15,862
historical_student_e8,STUDENT,C61,863,second,loss,S15,863
historical_student_e8,STUDENT,C61,864,first,loss,S15,864
historical_student_e8,STUDENT,C61,865,second,loss,S15,865
historical_student_e8,STUDENT,C61,866,first,loss,S15,866
historical_student_e8,STUDENT,C61,867,second,loss,S15,867
historical_student_e8,STUDENT,C61,868,first,loss,S15,868
historical_student_e8,STUDENT,C61,869,second,loss,S15,869
historical_student_e8,STUDENT,C61,870,first,loss,S15,870
historical_student_e8,STUDENT,C61,871,second,loss,S15,871
historical_student_e8,STUDENT,C61,872,first,loss,S15,872
historical_student_e8,STUDENT,C61,873,second,loss,S15,873
historical_student_e8,STUDENT,C61,874,first,loss,S15,874
historical_student_e8,STUDENT,C61,875,second,loss,S15,875
historical_student_e8,STUDENT,C61,876,first,loss,S15,876
historical_student_e8,STUDENT,C61,877,second,loss,S15,877
historical_student_e8,STUDENT,C61,878,first,loss,S15,878
historical_student_e8,STUDENT,C61,879,second,loss,S15,879
historical_student_e8,STUDENT,C61,880,first,loss,S15,880
historical_student_e8,STUDENT,C61,881,second,loss,S15,881
historical_student_e8,STUDENT,C61,882,first,loss,S15,882
historical_student_e8,STUDENT,C61,883,second,loss,S15,883
historical_student_e8,STUDENT,C61,884,first,loss,S15,884
historical_student_e8,STUDENT,C61,885,second,loss,S15,885
historical_student_e8,STUDENT,C61,886,first,loss,S15,886
historical_student_e8,STUDENT,C61,887,second,loss,S15,887
historical_student_e8,STUDENT,C61,888,first,loss,S15,888
historical_student_e8,STUDENT,C61,889,second,loss,S15,889
historical_student_e8,STUDENT,C61,890,first,loss,S15,890
historical_student_e8,STUDENT,C61,891,second,loss,S15,891
historical_student_e8,STUDENT,C61,892,first,loss,S15,892
historical_student_e8,STUDENT,C61,893,second,loss,S15,893
historical_student_e8,STUDENT,C61,894,first,loss,S15,894
historical_student_e8,STUDENT,C61,895,second,loss,S15,895
historical_student_e8,STUDENT,C61,896,first,loss,S15,896
historical_student_e8,STUDENT,C61,897,second,loss,S15,897
historical_student_e8,STUDENT,C61,898,first,loss,S15,898
historical_student_e8,STUDENT,C61,899,second,loss,S15,899
historical_student_e8,STUDENT,C61,900,first,loss,S15,900
historical_student_e8,STUDENT,C61,901,second,loss,S15,901
historical_student_e8,STUDENT,C61,902,first,loss,S15,902
historical_student_e8,STUDENT,C61,903,second,loss,S15,903
historical_student_e8,STUDENT,C61,904,first,loss,S15,904
historical_student_e8,STUDENT,C61,905,second,loss,S15,905
historical_student_e8,STUDENT,C61,906,first,loss,S15,906
historical_student_e8,STUDENT,C61,907,second,loss,S15,907
historical_student_e8,STUDENT,C61,908,first,loss,S15,908
historical_student_e8,STUDENT,C61,909,second,loss,S15,909
historical_student_e8,STUDENT,C61,910,first,loss,S15,910
historical_student_e8,STUDENT,C61,911,second,loss,S15,911
historical_student_e8,STUDENT,C61,912,first,loss,S15,912
historical_student_e8,STUDENT,C61,913,second,loss,S15,913
historical_student_e8,STUDENT,C61,914,first,loss,S15,914
historical_student_e8,STUDENT,C61,915,second,loss,S15,915
historical_student_e8,STUDENT,C61,916,first,loss,S15,916
historical_student_e8,STUDENT,C61,917,second,loss,S15,917
historical_student_e8,STUDENT,C61,918,first,loss,S15,918
historical_student_e8,STUDENT,C61,919,second,loss,S15,919
historical_student_e8,STUDENT,C61,920,first,win,S15,920
historical_student_e8,STUDENT,C61,921,second,loss,S15,921
historical_student_e8,STUDENT,C61,922,first,loss,S15,922
historical_student_e8,STUDENT,C61,923,second,loss,S15,923
historical_student_e8,STUDENT,C61,924,first,loss,S15,924
historical_student_e8,STUDENT,C61,925,second,loss,S15,925
historical_student_e8,STUDENT,C61,926,first,loss,S15,926
historical_student_e8,STUDENT,C61,927,second,loss,S15,927
historical_student_e8,STUDENT,C61,928,first,loss,S15,928
historical_student_e8,STUDENT,C61,929,second,loss,S15,929
historical_student_e8,STUDENT,C61,930,first,loss,S15,930
historical_student_e8,STUDENT,C61,931,second,loss,S15,931
historical_student_e8,STUDENT,C61,932,first,loss,S15,932
historical_student_e8,STUDENT,C61,933,second,loss,S15,933
historical_student_e8,STUDENT,C61,934,first,loss,S15,934
historical_student_e8,STUDENT,C61,935,second,loss,S15,935
historical_student_e8,STUDENT,C61,936,first,loss,S15,936
historical_student_e8,STUDENT,C61,937,second,loss,S15,937
historical_student_e8,STUDENT,C61,938,first,loss,S15,938
historical_student_e8,STUDENT,C61,939,second,loss,S15,939
historical_student_e8,STUDENT,C61,940,first,loss,S15,940
historical_student_e8,STUDENT,C61,941,second,loss,S15,941
historical_student_e8,STUDENT,C61,942,first,loss,S15,942
historical_student_e8,STUDENT,C61,943,second,loss,S15,943
historical_student_e8,STUDENT,C61,944,first,loss,S15,944
historical_student_e8,STUDENT,C61,945,second,loss,S15,945
historical_student_e8,STUDENT,C61,946,first,loss,S15,946
historical_student_e8,STUDENT,C61,947,second,loss,S15,947
historical_student_e8,STUDENT,C61,948,first,loss,S15,948
historical_student_e8,STUDENT,C61,949,second,loss,S15,949
historical_student_e8,STUDENT,C61,950,first,loss,S15,950
historical_student_e8,STUDENT,C61,951,second,loss,S15,951
historical_student_e8,STUDENT,C61,952,first,loss,S15,952
historical_student_e8,STUDENT,C61,953,second,loss,S15,953
historical_student_e8,STUDENT,C61,954,first,loss,S15,954
historical_student_e8,STUDENT,C61,955,second,loss,S15,955
historical_student_e8,STUDENT,C61,956,first,loss,S15,956
historical_student_e8,STUDENT,C61,957,second,loss,S15,957
historical_student_e8,STUDENT,C61,958,first,loss,S15,958
historical_student_e8,STUDENT,C61,959,second,loss,S15,959
historical_student_e8,STUDENT,C61,960,first,loss,S15,960
historical_student_e8,STUDENT,C61,961,second,loss,S15,961
historical_student_e8,STUDENT,C61,962,first,loss,S15,962
historical_student_e8,STUDENT,C61,963,second,loss,S15,963
historical_student_e8,STUDENT,C61,964,first,loss,S15,964
historical_student_e8,STUDENT,C61,965,second,loss,S15,965
historical_student_e8,STUDENT,C61,966,first,loss,S15,966
historical_student_e8,STUDENT,C61,967,second,loss,S15,967
historical_student_e8,STUDENT,C61,968,first,loss,S15,968
historical_student_e8,STUDENT,C61,969,second,loss,S15,969
historical_student_e8,STUDENT,C61,970,first,loss,S15,970
historical_student_e8,STUDENT,C61,971,second,loss,S15,971
historical_student_e8,STUDENT,C61,972,first,loss,S15,972
historical_student_e8,STUDENT,C61,973,second,loss,S15,973
historical_student_e8,STUDENT,C61,974,first,loss,S15,974
historical_student_e8,STUDENT,C61,975,second,loss,S15,975
historical_student_e8,STUDENT,C61,976,first,loss,S15,976
historical_student_e8,STUDENT,C61,977,second,loss,S15,977
historical_student_e8,STUDENT,C61,978,first,loss,S15,978
historical_student_e8,STUDENT,C61,979,second,loss,S15,979
historical_student_e8,STUDENT,C61,980,first,loss,S15,980
historical_student_e8,STUDENT,C61,981,second,loss,S15,981
historical_student_e8,STUDENT,C61,982,first,loss,S15,982
historical_student_e8,STUDENT,C61,983,second,loss,S15,983
historical_student_e8,STUDENT,C61,984,first,loss,S15,984
historical_student_e8,STUDENT,C61,985,second,loss,S15,985
historical_student_e8,STUDENT,C61,986,first,loss,S15,986
historical_student_e8,STUDENT,C61,987,second,loss,S15,987
historical_student_e8,STUDENT,C61,988,first,loss,S15,988
historical_student_e8,STUDENT,C61,989,second,loss,S15,989
historical_student_e8,STUDENT,C61,990,first,loss,S15,990
historical_student_e8,STUDENT,C61,991,second,loss,S15,991
historical_student_e8,STUDENT,C61,992,first,loss,S15,992
historical_student_e8,STUDENT,C61,993,second,loss,S15,993
historical_student_e8,STUDENT,C61,994,first,loss,S15,994
historical_student_e8,STUDENT,C61,995,second,loss,S15,995
historical_student_e8,STUDENT,C61,996,first,loss,S15,996
historical_student_e8,STUDENT,C61,997,second,loss,S15,997
historical_student_e8,STUDENT,C61,998,first,loss,S15,998
historical_student_e8,STUDENT,C61,999,second,loss,S15,999
historical_student_e8,STUDENT,C61,1000,first,loss,S15,1000
historical_student_e8,STUDENT,C61,1001,second,loss,S15,1001
historical_student_e8,STUDENT,C61,1002,first,loss,S15,1002
historical_student_e8,STUDENT,C61,1003,second,loss,S15,1003
historical_student_e8,STUDENT,C61,1004,first,loss,S15,1004
historical_student_e8,STUDENT,C61,1005,second,loss,S15,1005
historical_student_e8,STUDENT,C61,1006,first,loss,S15,1006
historical_student_e8,STUDENT,C61,1007,second,loss,S15,1007
historical_student_e8,STUDENT,C61,1008,first,loss,S15,1008
historical_student_e8,STUDENT,C61,1009,second,loss,S15,1009
historical_student_e8,STUDENT,C61,1010,first,loss,S15,1010
historical_student_e8,STUDENT,C61,1011,second,loss,S15,1011
historical_student_e8,STUDENT,C61,1012,first,loss,S15,1012
historical_student_e8,STUDENT,C61,1013,second,loss,S15,1013
historical_student_e8,STUDENT,C61,1014,first,loss,S15,1014
historical_student_e8,STUDENT,C61,1015,second,loss,S15,1015
historical_student_e8,STUDENT,C61,1016,first,loss,S15,1016
historical_student_e8,STUDENT,C61,1017,second,loss,S15,1017
historical_student_e8,STUDENT,C61,1018,first,loss,S15,1018
historical_student_e8,STUDENT,C61,1019,second,loss,S15,1019
historical_student_e8,STUDENT,C61,1020,first,loss,S15,1020
historical_student_e8,STUDENT,C61,1021,second,loss,S15,1021
historical_student_e8,STUDENT,C61,1022,first,loss,S15,1022
historical_student_e8,STUDENT,C61,1023,second,loss,S15,1023
historical_student_e8,STUDENT,C61,1024,first,loss,S15,1024
historical_student_e8,STUDENT,C61,1025,second,loss,S15,1025
historical_student_e8,STUDENT,C61,1026,first,loss,S15,1026
historical_student_e8,STUDENT,C61,1027,second,loss,S15,1027
historical_student_e8,STUDENT,C61,1028,first,win,S15,1028
historical_student_e8,STUDENT,C61,1029,second,loss,S15,1029
historical_student_e8,STUDENT,C61,1030,first,loss,S15,1030
historical_student_e8,STUDENT,C61,1031,second,loss,S15,1031
historical_student_e8,STUDENT,C61,1032,first,loss,S15,1032
historical_student_e8,STUDENT,C61,1033,second,loss,S15,1033
historical_student_e8,STUDENT,C61,1034,first,loss,S15,1034
historical_student_e8,STUDENT,C61,1035,second,loss,S15,1035
historical_student_e8,STUDENT,C61,1036,first,loss,S15,1036
historical_student_e8,STUDENT,C61,1037,second,loss,S15,1037
historical_student_e8,STUDENT,C61,1038,first,loss,S15,1038
historical_student_e8,STUDENT,C61,1039,second,loss,S15,1039
historical_student_e8,STUDENT,C61,1040,first,win,S15,1040
historical_student_e8,STUDENT,C61,1041,second,loss,S15,1041
historical_student_e8,STUDENT,C61,1042,first,loss,S15,1042
historical_student_e8,STUDENT,C61,1043,second,loss,S15,1043
historical_student_e8,STUDENT,C61,1044,first,loss,S15,1044
historical_student_e8,STUDENT,C61,1045,second,loss,S15,1045
historical_student_e8,STUDENT,C61,1046,first,loss,S15,1046
historical_student_e8,STUDENT,C61,1047,second,loss,S15,1047
historical_student_e8,STUDENT,C61,1048,first,loss,S15,1048
historical_student_e8,STUDENT,C61,1049,second,loss,S15,1049
historical_student_e8,STUDENT,C61,1050,first,win,S15,1050
historical_student_e8,STUDENT,C61,1051,second,loss,S15,1051
historical_student_e8,STUDENT,C61,1052,first,loss,S15,1052
historical_student_e8,STUDENT,C61,1053,second,loss,S15,1053
historical_student_e8,STUDENT,C61,1054,first,loss,S15,1054
historical_student_e8,STUDENT,C61,1055,second,loss,S15,1055
historical_student_e8,STUDENT,C61,1056,first,loss,S15,1056
historical_student_e8,STUDENT,C61,1057,second,loss,S15,1057
historical_student_e8,STUDENT,C61,1058,first,loss,S15,1058
historical_student_e8,STUDENT,C61,1059,second,loss,S15,1059
historical_student_e8,STUDENT,C61,1060,first,loss,S15,1060
historical_student_e8,STUDENT,C61,1061,second,loss,S15,1061
historical_student_e8,STUDENT,C61,1062,first,loss,S15,1062
historical_student_e8,STUDENT,C61,1063,second,loss,S15,1063
historical_student_e8,STUDENT,C61,1064,first,loss,S15,1064
historical_student_e8,STUDENT,C61,1065,second,loss,S15,1065
historical_student_e8,STUDENT,C61,1066,first,loss,S15,1066
historical_student_e8,STUDENT,C61,1067,second,loss,S15,1067
historical_student_e8,STUDENT,C61,1068,first,loss,S15,1068
historical_student_e8,STUDENT,C61,1069,second,loss,S15,1069
historical_student_e8,STUDENT,C61,1070,first,loss,S15,1070
historical_student_e8,STUDENT,C61,1071,second,loss,S15,1071
historical_student_e8,STUDENT,C61,1072,first,loss,S15,1072
historical_student_e8,STUDENT,C61,1073,second,loss,S15,1073
historical_student_e8,STUDENT,C61,1074,first,loss,S15,1074
historical_student_e8,STUDENT,C61,1075,second,loss,S15,1075
historical_student_e8,STUDENT,C61,1076,first,loss,S15,1076
historical_student_e8,STUDENT,C61,1077,second,loss,S15,1077
historical_student_e8,STUDENT,C61,1078,first,loss,S15,1078
historical_student_e8,STUDENT,C61,1079,second,loss,S15,1079
historical_student_e8,STUDENT,C61,1080,first,loss,S15,1080
historical_student_e8,STUDENT,C61,1081,second,loss,S15,1081
historical_student_e8,STUDENT,C61,1082,first,loss,S15,1082
historical_student_e8,STUDENT,C61,1083,second,loss,S15,1083
historical_student_e8,STUDENT,C61,1084,first,loss,S15,1084
historical_student_e8,STUDENT,C61,1085,second,loss,S15,1085
historical_student_e8,STUDENT,C61,1086,first,loss,S15,1086
historical_student_e8,STUDENT,C61,1087,second,loss,S15,1087
historical_student_e8,STUDENT,C61,1088,first,loss,S15,1088
historical_student_e8,STUDENT,C61,1089,second,loss,S15,1089
historical_student_e8,STUDENT,C61,1090,first,loss,S15,1090
historical_student_e8,STUDENT,C61,1091,second,loss,S15,1091
historical_student_e8,STUDENT,C61,1092,first,loss,S15,1092
historical_student_e8,STUDENT,C61,1093,second,loss,S15,1093
historical_student_e8,STUDENT,C61,1094,first,win,S15,1094
historical_student_e8,STUDENT,C61,1095,second,loss,S15,1095
historical_student_e8,STUDENT,C61,1096,first,loss,S15,1096
historical_student_e8,STUDENT,C61,1097,second,loss,S15,1097
historical_student_e8,STUDENT,C61,1098,first,loss,S15,1098
historical_student_e8,STUDENT,C61,1099,second,loss,S15,1099
historical_student_e8,STUDENT,C61,1100,first,loss,S15,1100
historical_student_e8,STUDENT,C61,1101,second,loss,S15,1101
historical_student_e8,STUDENT,C61,1102,first,loss,S15,1102
historical_student_e8,STUDENT,C61,1103,second,loss,S15,1103
historical_student_e8,STUDENT,C61,1104,first,loss,S15,1104
historical_student_e8,STUDENT,C61,1105,second,loss,S15,1105
historical_student_e8,STUDENT,C61,1106,first,loss,S15,1106
historical_student_e8,STUDENT,C61,1107,second,loss,S15,1107
historical_student_e8,STUDENT,C61,1108,first,loss,S15,1108
historical_student_e8,STUDENT,C61,1109,second,loss,S15,1109
historical_student_e8,STUDENT,C61,1110,first,loss,S15,1110
historical_student_e8,STUDENT,C61,1111,second,loss,S15,1111
historical_student_e8,STUDENT,C61,1112,first,loss,S15,1112
historical_student_e8,STUDENT,C61,1113,second,loss,S15,1113
historical_student_e8,STUDENT,C61,1114,first,loss,S15,1114
historical_student_e8,STUDENT,C61,1115,second,loss,S15,1115
historical_student_e8,STUDENT,C61,1116,first,loss,S15,1116
historical_student_e8,STUDENT,C61,1117,second,loss,S15,1117
historical_student_e8,STUDENT,C61,1118,first,loss,S15,1118
historical_student_e8,STUDENT,C61,1119,second,loss,S15,1119
historical_student_e8,STUDENT,C61,1120,first,loss,S15,1120
historical_student_e8,STUDENT,C61,1121,second,loss,S15,1121
historical_student_e8,STUDENT,C61,1122,first,loss,S15,1122
historical_student_e8,STUDENT,C61,1123,second,loss,S15,1123
historical_student_e8,STUDENT,C61,1124,first,loss,S15,1124
historical_student_e8,STUDENT,C61,1125,second,loss,S15,1125
historical_student_e8,STUDENT,C61,1126,first,loss,S15,1126
historical_student_e8,STUDENT,C61,1127,second,loss,S15,1127
historical_student_e8,STUDENT,C61,1128,first,loss,S15,1128
historical_student_e8,STUDENT,C61,1129,second,loss,S15,1129
historical_student_e8,STUDENT,C61,1130,first,loss,S15,1130
historical_student_e8,STUDENT,C61,1131,second,loss,S15,1131
historical_student_e8,STUDENT,C61,1132,first,loss,S15,1132
historical_student_e8,STUDENT,C61,1133,second,loss,S15,1133
historical_student_e8,STUDENT,C61,1134,first,loss,S15,1134
historical_student_e8,STUDENT,C61,1135,second,loss,S15,1135
historical_student_e8,STUDENT,C61,1136,first,loss,S15,1136
historical_student_e8,STUDENT,C61,1137,second,loss,S15,1137
historical_student_e8,STUDENT,C61,1138,first,loss,S15,1138
historical_student_e8,STUDENT,C61,1139,second,loss,S15,1139
historical_student_e8,STUDENT,C61,1140,first,loss,S15,1140
historical_student_e8,STUDENT,C61,1141,second,loss,S15,1141
historical_student_e8,STUDENT,C61,1142,first,loss,S15,1142
historical_student_e8,STUDENT,C61,1143,second,loss,S15,1143
historical_student_e8,STUDENT,C61,1144,first,loss,S15,1144
historical_student_e8,STUDENT,C61,1145,second,loss,S15,1145
historical_student_e8,STUDENT,C61,1146,first,loss,S15,1146
historical_student_e8,STUDENT,C61,1147,second,loss,S15,1147
historical_student_e8,STUDENT,C61,1148,first,loss,S15,1148
historical_student_e8,STUDENT,C61,1149,second,loss,S15,1149
historical_student_e8,STUDENT,C61,1150,first,loss,S15,1150
historical_student_e8,STUDENT,C61,1151,second,loss,S15,1151
historical_student_e8,STUDENT,C61,1152,first,loss,S15,1152
historical_student_e8,STUDENT,C61,1153,second,loss,S15,1153
historical_student_e8,STUDENT,C61,1154,first,loss,S15,1154
historical_student_e8,STUDENT,C61,1155,second,loss,S15,1155
historical_student_e8,STUDENT,C61,1156,first,loss,S15,1156
historical_student_e8,STUDENT,C61,1157,second,loss,S15,1157
historical_student_e8,STUDENT,C61,1158,first,loss,S15,1158
historical_student_e8,STUDENT,C61,1159,second,loss,S15,1159
historical_student_e8,STUDENT,C61,1160,first,loss,S15,1160
historical_student_e8,STUDENT,C61,1161,second,loss,S15,1161
historical_student_e8,STUDENT,C61,1162,first,loss,S15,1162
historical_student_e8,STUDENT,C61,1163,second,loss,S15,1163
historical_student_e8,STUDENT,C61,1164,first,win,S15,1164
historical_student_e8,STUDENT,C61,1165,second,loss,S15,1165
historical_student_e8,STUDENT,C61,1166,first,loss,S15,1166
historical_student_e8,STUDENT,C61,1167,second,loss,S15,1167
historical_student_e8,STUDENT,C61,1168,first,loss,S15,1168
historical_student_e8,STUDENT,C61,1169,second,loss,S15,1169
historical_student_e8,STUDENT,C61,1170,first,win,S15,1170
historical_student_e8,STUDENT,C61,1171,second,loss,S15,1171
historical_student_e8,STUDENT,C61,1172,first,loss,S15,1172
historical_student_e8,STUDENT,C61,1173,second,loss,S15,1173
historical_student_e8,STUDENT,C61,1174,first,loss,S15,1174
historical_student_e8,STUDENT,C61,1175,second,loss,S15,1175
historical_student_e8,STUDENT,C61,1176,first,loss,S15,1176
historical_student_e8,STUDENT,C61,1177,second,loss,S15,1177
historical_student_e8,STUDENT,C61,1178,first,loss,S15,1178
historical_student_e8,STUDENT,C61,1179,second,loss,S15,1179
historical_student_e8,STUDENT,C61,1180,first,loss,S15,1180
historical_student_e8,STUDENT,C61,1181,second,loss,S15,1181
historical_student_e8,STUDENT,C61,1182,first,loss,S15,1182
historical_student_e8,STUDENT,C61,1183,second,loss,S15,1183
historical_student_e8,STUDENT,C61,1184,first,loss,S15,1184
historical_student_e8,STUDENT,C61,1185,second,loss,S15,1185
historical_student_e8,STUDENT,C61,1186,first,loss,S15,1186
historical_student_e8,STUDENT,C61,1187,second,loss,S15,1187
historical_student_e8,STUDENT,C61,1188,first,loss,S15,1188
historical_student_e8,STUDENT,C61,1189,second,loss,S15,1189
historical_student_e8,STUDENT,C61,1190,first,loss,S15,1190
historical_student_e8,STUDENT,C61,1191,second,loss,S15,1191
historical_student_e8,STUDENT,C61,1192,first,loss,S15,1192
historical_student_e8,STUDENT,C61,1193,second,win,S15,1193
historical_student_e8,STUDENT,C61,1194,first,loss,S15,1194
historical_student_e8,STUDENT,C61,1195,second,loss,S15,1195
historical_student_e8,STUDENT,C61,1196,first,loss,S15,1196
historical_student_e8,STUDENT,C61,1197,second,loss,S15,1197
historical_student_e8,STUDENT,C61,1198,first,loss,S15,1198
historical_student_e8,STUDENT,C61,1199,second,loss,S15,1199
historical_student_e8,STUDENT,C61,1200,first,loss,S15,1200
historical_student_e8,STUDENT,C61,1201,second,loss,S15,1201
historical_student_e8,STUDENT,C61,1202,first,loss,S15,1202
